{
	"class_name" : "PinholeCameraParameters",
	"extrinsic" : 
	[
		0.095828171275491425,
		-0.232095187149054,
		0.96796114885476725,
		0.0,
		-0.99535610248154183,
		-0.031253652940962821,
		0.091046353197699839,
		0.0,
		0.0091209014219835322,
		-0.97219084200587458,
		-0.2340123412924178,
		0.0,
		-0.13933258535587284,
		0.080395007882151814,
		0.98571868900153436,
		1.0
	],
	"intrinsic" : 
	{
		"height" : 752,
		"intrinsic_matrix" : 
		[
			651.25110364589796,
			0.0,
			0.0,
			0.0,
			651.25110364589796,
			0.0,
			959.5,
			375.5,
			1.0
		],
		"width" : 1920
	},
	"version_major" : 1,
	"version_minor" : 0
}